insert into users(id, version, email, password, enabled) values (1, 1, 'michal@gmail.com', '{bcrypt}$2a$12$ZTpsyMBF2pCkczvbwa729OZiLA.rChM1BaJFnUL2ho8qBQmjsVjbW', 1);
insert into users(id, version, email, password, enabled) values (2, 1, 'jan@gmail.com', '{bcrypt}$2a$12$ZTpsyMBF2pCkczvbwa729OZiLA.rChM1BaJFnUL2ho8qBQmjsVjbW', 1);
insert into users(id, version, email, password, enabled) values (3, 1, 'petr@gmail.com', '{bcrypt}$2a$12$ZTpsyMBF2pCkczvbwa729OZiLA.rChM1BaJFnUL2ho8qBQmjsVjbW', 1);
insert into users(id, version, email, password, enabled) values (4, 1, 'pavel@gmail.com', '{bcrypt}$2a$12$ZTpsyMBF2pCkczvbwa729OZiLA.rChM1BaJFnUL2ho8qBQmjsVjbW', 1);
insert into users(id, version, email, password, enabled) values (5, 1, 'monika@gmail.com', '{bcrypt}$2a$12$ZTpsyMBF2pCkczvbwa729OZiLA.rChM1BaJFnUL2ho8qBQmjsVjbW', 1);
insert into users(id, version, email, password, enabled) values (6, 1, 'jakub@gmail.com', '{bcrypt}$2a$12$ZTpsyMBF2pCkczvbwa729OZiLA.rChM1BaJFnUL2ho8qBQmjsVjbW', 1);
insert into users(id, version, email, password, enabled) values (7, 1, 'dominika@gmail.com', '{bcrypt}$2a$12$ZTpsyMBF2pCkczvbwa729OZiLA.rChM1BaJFnUL2ho8qBQmjsVjbW', 1);
insert into users(id, version, email, password, enabled) values (8, 1, 'tomas@gmail.com', '{bcrypt}$2a$12$ZTpsyMBF2pCkczvbwa729OZiLA.rChM1BaJFnUL2ho8qBQmjsVjbW', 1);
insert into users(id, version, email, password, enabled) values (9, 1, 'dana@gmail.com', '{bcrypt}$2a$12$ZTpsyMBF2pCkczvbwa729OZiLA.rChM1BaJFnUL2ho8qBQmjsVjbW', 1);
insert into users(id, version, email, password, enabled) values (10, 1, 'marie@gmail.com', '{bcrypt}$2a$12$ZTpsyMBF2pCkczvbwa729OZiLA.rChM1BaJFnUL2ho8qBQmjsVjbW', 1);

insert into movie(id, version, name) values (1, 1, 'The Shawshank Redemption');
insert into movie(id, version, name) values (2, 1, 'The Godfather');
insert into movie(id, version, name) values (3, 1, 'The Dark Knight');
insert into movie(id, version, name) values (4, 1, 'Pulp Fiction');
insert into movie(id, version, name) values (5, 1, 'Forrest Gump');
insert into movie(id, version, name) values (6, 1, 'Inception');
insert into movie(id, version, name) values (7, 1, 'Fight Club');
insert into movie(id, version, name) values (8, 1, 'The Matrix');
insert into movie(id, version, name) values (9, 1, 'Goodfellas');
insert into movie(id, version, name) values (10, 1, 'The Lord of the Rings: The Fellowship of the Ring');
insert into movie(id, version, name) values (11, 1, 'The Lord of the Rings: The Two Towers');
insert into movie(id, version, name) values (12, 1, 'The Lord of the Rings: The Return of the King');
insert into movie(id, version, name) values (13, 1, 'Gladiator');
insert into movie(id, version, name) values (14, 1, 'Titanic');
insert into movie(id, version, name) values (15, 1, 'The Silence of the Lambs');
insert into movie(id, version, name) values (16, 1, 'Schindler''s List');
insert into movie(id, version, name) values (17, 1, 'Saving Private Ryan');
insert into movie(id, version, name) values (18, 1, 'Interstellar');
insert into movie(id, version, name) values (19, 1, 'Whiplash');
insert into movie(id, version, name) values (20, 1, 'Se7en');
insert into movie(id, version, name) values (21, 1, 'The Prestige');
insert into movie(id, version, name) values (22, 1, 'Django Unchained');
insert into movie(id, version, name) values (23, 1, 'The Departed');
insert into movie(id, version, name) values (24, 1, 'The Green Mile');
insert into movie(id, version, name) values (25, 1, 'Braveheart');
insert into movie(id, version, name) values (26, 1, 'The Wolf of Wall Street');
insert into movie(id, version, name) values (27, 1, 'The Social Network');
insert into movie(id, version, name) values (28, 1, 'Joker');
insert into movie(id, version, name) values (29, 1, '12 Angry Men');
insert into movie(id, version, name) values (30, 1, 'The Truman Show');
insert into movie(id, version, name) values (31, 1, 'American Beauty');
insert into movie(id, version, name) values (32, 1, 'The Pianist');
insert into movie(id, version, name) values (33, 1, 'No Country for Old Men');
insert into movie(id, version, name) values (34, 1, 'The Big Lebowski');
insert into movie(id, version, name) values (35, 1, 'Her');
insert into movie(id, version, name) values (36, 1, 'The Grand Budapest Hotel');
insert into movie(id, version, name) values (37, 1, 'La La Land');
insert into movie(id, version, name) values (38, 1, 'Parasite');
insert into movie(id, version, name) values (39, 1, '1917');
insert into movie(id, version, name) values (40, 1, 'The Revenant');
insert into movie(id, version, name) values (41, 1, 'Blade Runner 2049');
insert into movie(id, version, name) values (42, 1, 'Mad Max: Fury Road');
insert into movie(id, version, name) values (43, 1, 'Logan');
insert into movie(id, version, name) values (44, 1, 'Spider-Man: Into the Spider-Verse');
insert into movie(id, version, name) values (45, 1, 'Avengers: Endgame');
insert into movie(id, version, name) values (46, 1, 'Iron Man');
insert into movie(id, version, name) values (47, 1, 'Captain America: The Winter Soldier');
insert into movie(id, version, name) values (48, 1, 'Guardians of the Galaxy');
insert into movie(id, version, name) values (49, 1, 'Doctor Strange');
insert into movie(id, version, name) values (50, 1, 'Black Panther');
insert into movie(id, version, name) values (51, 1, 'Deadpool');
insert into movie(id, version, name) values (52, 1, 'X-Men: Days of Future Past');
insert into movie(id, version, name) values (53, 1, 'The Incredibles');
insert into movie(id, version, name) values (54, 1, 'Toy Story');
insert into movie(id, version, name) values (55, 1, 'Finding Nemo');
insert into movie(id, version, name) values (56, 1, 'Up');
insert into movie(id, version, name) values (57, 1, 'Wall-E');
insert into movie(id, version, name) values (58, 1, 'Ratatouille');
insert into movie(id, version, name) values (59, 1, 'Inside Out');
insert into movie(id, version, name) values (60, 1, 'Coco');
insert into movie(id, version, name) values (61, 1, 'Monsters, Inc.');
insert into movie(id, version, name) values (62, 1, 'The Lion King');
insert into movie(id, version, name) values (63, 1, 'Beauty and the Beast');
insert into movie(id, version, name) values (64, 1, 'Aladdin');
insert into movie(id, version, name) values (65, 1, 'Frozen');
insert into movie(id, version, name) values (66, 1, 'Moana');
insert into movie(id, version, name) values (67, 1, 'Zootopia');
insert into movie(id, version, name) values (68, 1, 'Shrek');
insert into movie(id, version, name) values (69, 1, 'How to Train Your Dragon');
insert into movie(id, version, name) values (70, 1, 'Kung Fu Panda');
insert into movie(id, version, name) values (71, 1, 'Despicable Me');
insert into movie(id, version, name) values (72, 1, 'The Secret Life of Pets');
insert into movie(id, version, name) values (73, 1, 'Sing');
insert into movie(id, version, name) values (74, 1, 'The Lego Movie');
insert into movie(id, version, name) values (75, 1, 'Tangled');
insert into movie(id, version, name) values (76, 1, 'Wreck-It Ralph');
insert into movie(id, version, name) values (77, 1, 'Big Hero 6');
insert into movie(id, version, name) values (78, 1, 'Rango');
insert into movie(id, version, name) values (79, 1, 'The Peanuts Movie');
insert into movie(id, version, name) values (80, 1, 'The Croods');
insert into movie(id, version, name) values (81, 1, 'Ice Age');
insert into movie(id, version, name) values (82, 1, 'Rio');
insert into movie(id, version, name) values (83, 1, 'Hotel Transylvania');
insert into movie(id, version, name) values (84, 1, 'Cloudy with a Chance of Meatballs');
insert into movie(id, version, name) values (85, 1, 'Happy Feet');
insert into movie(id, version, name) values (86, 1, 'The Lorax');
insert into movie(id, version, name) values (87, 1, 'The Angry Birds Movie');
insert into movie(id, version, name) values (88, 1, 'Minions');
insert into movie(id, version, name) values (89, 1, 'The Boss Baby');
insert into movie(id, version, name) values (90, 1, 'Puss in Boots');
insert into movie(id, version, name) values (91, 1, 'Megamind');
insert into movie(id, version, name) values (92, 1, 'Madagascar');
insert into movie(id, version, name) values (93, 1, 'Cars');
insert into movie(id, version, name) values (94, 1, 'Bolt');
insert into movie(id, version, name) values (95, 1, 'Brave');
insert into movie(id, version, name) values (96, 1, 'Monsters University');
insert into movie(id, version, name) values (97, 1, 'A Bug''s Life');
insert into movie(id, version, name) values (98, 1, 'Luca');
insert into movie(id, version, name) values (99, 1, 'Turning Red');
insert into movie(id, version, name) values (100, 1, 'Elemental');

INSERT INTO rating (id,version,user_id,movie_id,rating,rated_at) VALUES (1,0,1,1,2,'2025-08-06 21:46:57.81566');
INSERT INTO rating (id,version,user_id,movie_id,rating,rated_at) VALUES (2,0,1,3,10,'2025-08-06 23:20:13.502096');
INSERT INTO rating (id,version,user_id,movie_id,rating,rated_at) VALUES (3,0,1,2,10,'2025-08-06 23:20:24.552389');
INSERT INTO rating (id,version,user_id,movie_id,rating,rated_at) VALUES (4,0,1,100,8,'2025-08-06 23:21:34.958107');
INSERT INTO rating (id,version,user_id,movie_id,rating,rated_at) VALUES (5,0,2,3,1,'2025-08-06 23:26:54.589775');
INSERT INTO rating (id,version,user_id,movie_id,rating,rated_at) VALUES (6,0,2,2,10,'2025-08-06 23:27:30.390646');
INSERT INTO rating (id,version,user_id,movie_id,rating,rated_at) VALUES (7,0,1,99,1,'2025-08-07 23:05:16.717148');
INSERT INTO rating (id,version,user_id,movie_id,rating,rated_at) VALUES (8,0,1,50,1,'2025-08-08 00:03:17.983755');
INSERT INTO rating (id,version,user_id,movie_id,rating,rated_at) VALUES (9,0,1,51,7,'2025-08-08 00:09:18.666404');
INSERT INTO rating (id,version,user_id,movie_id,rating,rated_at) VALUES (10,0,2,52,7,'2025-08-08 00:31:05.886621');
INSERT INTO rating (id,version,user_id,movie_id,rating,rated_at) VALUES (11,0,2,1,2,'2025-08-06 21:46:57.81566');
INSERT INTO rating (id,version,user_id,movie_id,rating,rated_at) VALUES (12,0,9,3,10,'2025-08-06 23:20:13.502096');
INSERT INTO rating (id,version,user_id,movie_id,rating,rated_at) VALUES (13,0,4,2,8,'2025-08-06 23:20:24.552389');
INSERT INTO rating (id,version,user_id,movie_id,rating,rated_at) VALUES (14,0,2,100,4,'2025-08-06 23:21:34.958107');
INSERT INTO rating (id,version,user_id,movie_id,rating,rated_at) VALUES (15,0,3,3,2,'2025-08-06 23:26:54.589775');
INSERT INTO rating (id,version,user_id,movie_id,rating,rated_at) VALUES (16,0,3,2,10,'2025-08-06 23:27:30.390646');
INSERT INTO rating (id,version,user_id,movie_id,rating,rated_at) VALUES (17,0,3,99,3,'2025-08-07 23:05:16.717148');
INSERT INTO rating (id,version,user_id,movie_id,rating,rated_at) VALUES (18,0,3,50,4,'2025-08-08 00:03:17.983755');
INSERT INTO rating (id,version,user_id,movie_id,rating,rated_at) VALUES (19,0,3,51,6,'2025-08-08 00:09:18.666404');
INSERT INTO rating (id,version,user_id,movie_id,rating,rated_at) VALUES (20,0,3,52,6,'2025-08-08 00:31:05.886621');
INSERT INTO rating (id,version,user_id,movie_id,rating,rated_at) VALUES (21,0,5,1,1,'2025-08-06 21:46:57.81566');
INSERT INTO rating (id,version,user_id,movie_id,rating,rated_at) VALUES (22,0,9,22,8,'2025-08-06 23:20:13.502096');
INSERT INTO rating (id,version,user_id,movie_id,rating,rated_at) VALUES (23,0,7,2,7,'2025-08-06 23:20:24.552389');
INSERT INTO rating (id,version,user_id,movie_id,rating,rated_at) VALUES (24,0,4,100,5,'2025-08-06 23:21:34.958107');
INSERT INTO rating (id,version,user_id,movie_id,rating,rated_at) VALUES (25,0,4,4,4,'2025-08-06 23:26:54.589775');
INSERT INTO rating (id,version,user_id,movie_id,rating,rated_at) VALUES (26,0,8,1,9,'2025-08-06 23:27:30.390646');
INSERT INTO rating (id,version,user_id,movie_id,rating,rated_at) VALUES (27,0,5,89,8,'2025-08-07 23:05:16.717148');
INSERT INTO rating (id,version,user_id,movie_id,rating,rated_at) VALUES (28,0,4,1,1,'2025-08-08 00:03:17.983755');
INSERT INTO rating (id,version,user_id,movie_id,rating,rated_at) VALUES (29,0,4,3,2,'2025-08-08 00:09:18.666404');
INSERT INTO rating (id,version,user_id,movie_id,rating,rated_at) VALUES (30,0,7,34,6,'2025-08-08 00:31:05.886621');
